{
    "train": {
        "loss": [
            0.6584211278696538,
            0.6339217612358916,
            0.6238186504070615,
            0.6115786679970674,
            0.6023291286493174,
            0.5969925558134036,
            0.5865464803210706,
            0.5740097209097726,
            0.5696614860701049,
            0.5649776147562656,
            0.5585900113388412
        ],
        "accuracy": [
            0.6077875619152449,
            0.6331315354980738,
            0.6407539900935608,
            0.6553109521188772,
            0.6617501375894331,
            0.6672812328013209,
            0.6779306549257017,
            0.6885525591634563,
            0.691304347826087,
            0.6976334617501376,
            0.7012107870115575
        ],
        "f1": [
            0.6122160250306081,
            0.636987420356151,
            0.6432377777170497,
            0.6540352427774402,
            0.6617501375894331,
            0.6634751871747057,
            0.6760766079929149,
            0.6858380058846388,
            0.6894585317240616,
            0.6985790311076974,
            0.7007991182143841
        ],
        "precision": [
            0.6053806833467851,
            0.6303621470144428,
            0.6388210389187429,
            0.6564648480816145,
            0.6617501375894331,
            0.6711526549918351,
            0.6799910923059793,
            0.6918682795698925,
            0.6936058816976718,
            0.6964012251148545,
            0.701766004415011
        ],
        "recall": [
            0.6192074848651623,
            0.6437534397358283,
            0.6477160154100166,
            0.6516235553109522,
            0.6617501375894331,
            0.6559713813979087,
            0.6722069345074299,
            0.6799119427627958,
            0.6853604843148047,
            0.7007705008255366,
            0.6998348926802421
        ],
        "auc": [
            0.6501938080060239,
            0.6892842199383369,
            0.7026123803532285,
            0.7200563124699189,
            0.7305993583501262,
            0.7380801677667259,
            0.7500991279995177,
            0.7638749773208392,
            0.7682967079399629,
            0.7738219891085507,
            0.7802020694298846
        ]
    },
    "val": {
        "loss": [
            0.6931848384053637,
            0.6732600355388628,
            0.6472679057067919,
            0.6504293840874613,
            0.6503876884415156,
            0.6645098719301971,
            0.6780899882703534,
            0.6890581217758721,
            0.7096615452149141,
            0.7192299659183738,
            0.7090197093126114
        ],
        "accuracy": [
            0.5419834287178611,
            0.5614589561800633,
            0.5837533099854788,
            0.599641240283591,
            0.5969078329204749,
            0.6068164346117707,
            0.5744426411548647,
            0.5846074997864525,
            0.5696591782694115,
            0.564106944563082,
            0.581788673443239
        ],
        "f1": [
            0.4509522834323162,
            0.44425200259796493,
            0.37292497748037573,
            0.4365909364106263,
            0.44173666154028157,
            0.43179854338970497,
            0.4181266059331932,
            0.4278150370631839,
            0.4348216288983621,
            0.4392923854521481,
            0.4501347708894879
        ],
        "precision": [
            0.3241572206683351,
            0.3275339185953711,
            0.3020008336807003,
            0.3396932285821175,
            0.3406934306569343,
            0.3410686427457098,
            0.3202719627840401,
            0.3289902280130293,
            0.32620770913987546,
            0.32620757180156656,
            0.33788568538189173
        ],
        "recall": [
            0.7406659939455096,
            0.6902119071644803,
            0.4873864783047427,
            0.6108308106289942,
            0.6279852001345443,
            0.5882946518668012,
            0.6020854355869492,
            0.6115035317860746,
            0.6518668012108981,
            0.67238479650185,
            0.6740665993945509
        ],
        "auc": [
            0.6729831324451165,
            0.6717412671604935,
            0.6188496830223249,
            0.6656262557198436,
            0.6717770829766193,
            0.6605119882468666,
            0.6428803048519032,
            0.6557168666537114,
            0.6607051625841643,
            0.6601629765977919,
            0.6661430047744409
        ]
    }
}