{
    "train": {
        "loss": [
            0.6725636457569031,
            0.6512801426603254,
            0.6424998086222788,
            0.6377057183513939,
            0.6341503117085059,
            0.6284684533562812,
            0.6224836201913372,
            0.6176017035251173,
            0.6152832686859421,
            0.6127065034686089,
            0.6098152788556058
        ],
        "accuracy": [
            0.5830808669307853,
            0.6192029829876485,
            0.6287869960382195,
            0.6355744581682592,
            0.6363027266371475,
            0.6444593334886973,
            0.6498193894197157,
            0.6560242367746446,
            0.6543929154043346,
            0.6592868795152645,
            0.6562281519459333
        ],
        "f1": [
            0.5652226745245762,
            0.6147589296239538,
            0.6222617459611679,
            0.6342960710944808,
            0.6379795285179923,
            0.6451519116150604,
            0.6619991564740616,
            0.6664029833879535,
            0.6719026548672566,
            0.6764770967028103,
            0.6747512609210925
        ],
        "precision": [
            0.5905166941729084,
            0.6220181297709924,
            0.6333956912678776,
            0.6365289838066182,
            0.6350516654159211,
            0.6438976263710754,
            0.6397478397913157,
            0.6468845985081176,
            0.6395030532743735,
            0.643985675163261,
            0.6402531513154454
        ],
        "recall": [
            0.5420065252854812,
            0.6076672104404568,
            0.6115124679561874,
            0.632078769517595,
            0.6409345140992776,
            0.6464110929853181,
            0.6858541132603123,
            0.6871358657655559,
            0.7077604288044744,
            0.7124213470053601,
            0.7131787462130039
        ],
        "auc": [
            0.6197242779310629,
            0.6643998893344212,
            0.6806374130144328,
            0.6870838635612055,
            0.6917228437564307,
            0.7012732200025623,
            0.7091075574491298,
            0.7161011445047031,
            0.7174668727628529,
            0.7220878490617417,
            0.7241263473526751
        ]
    },
    "val": {
        "loss": [
            0.6718787272238512,
            0.6459125020695151,
            0.6396241172068695,
            0.6354812381244396,
            0.633340486968374,
            0.6319316505458722,
            0.6372143958502438,
            0.6381929882092913,
            0.6283372425127451,
            0.6315274086411983,
            0.6267855506516142
        ],
        "accuracy": [
            0.6234424679900318,
            0.65704219300507,
            0.6581593194122196,
            0.6580733866116697,
            0.6591045802182693,
            0.6589327146171694,
            0.6585030506144195,
            0.6593623786199192,
            0.6607373034287187,
            0.660135773824869,
            0.6618544298358684
        ],
        "f1": [
            0.27808896210873146,
            0.0010012515644555694,
            0.0030075187969924814,
            0.0,
            0.006511394941147007,
            0.00501378791677112,
            0.0025100401606425703,
            0.008008008008008008,
            0.01693227091633466,
            0.011991006744941295,
            0.023330851327872923
        ],
        "precision": [
            0.4036346245815399,
            0.125,
            0.5454545454545454,
            0.0,
            0.9285714285714286,
            1.0,
            1.0,
            0.9411764705882353,
            0.918918918918919,
            1.0,
            0.94
        ],
        "recall": [
            0.21211359638100025,
            0.0005026388539834129,
            0.0015079165619502387,
            0.0,
            0.003267152550892184,
            0.0025131942699170647,
            0.0012565971349585323,
            0.004021110831867303,
            0.008544860517718019,
            0.006031666247800955,
            0.011812013068610204
        ],
        "auc": [
            0.507372851502774,
            0.5456575823018615,
            0.5547322384802795,
            0.5729627751230655,
            0.580785658396842,
            0.5959139195847408,
            0.6015961409045438,
            0.608399536322549,
            0.6064332522446947,
            0.6168456313903412,
            0.6136502023452848
        ]
    }
}