{
    "train": {
        "loss": [
            0.6881176815691661,
            0.6609835794946947,
            0.6487140930020422,
            0.6430374000580283,
            0.6384885539638517,
            0.6353872848724886,
            0.6328819015161244,
            0.6282846199659181,
            0.6244042500533701,
            0.621109305710076,
            0.6197626279813612,
            0.6152759331363076,
            0.6139338882269936,
            0.6140117631486044,
            0.6105374686784907,
            0.6071020217799983,
            0.603316153722867,
            0.6031556437615189,
            0.6016920237011089
        ],
        "accuracy": [
            0.564694551458448,
            0.6011007154650523,
            0.6113648871766648,
            0.61989543203082,
            0.6258392955421024,
            0.6307099614749587,
            0.6337644468904788,
            0.6356906989543203,
            0.6435608145294441,
            0.6461199779856907,
            0.6471656576774903,
            0.6515960374243258,
            0.6518436984039626,
            0.6504127682993947,
            0.6500550357732526,
            0.6567969179966978,
            0.6582278481012658,
            0.6597688497523391,
            0.6615850302696753
        ],
        "f1": [
            0.6250088894156691,
            0.609335417452703,
            0.5975550679622716,
            0.6120488695407948,
            0.6196536966068981,
            0.6282960336804786,
            0.6256364096649883,
            0.6224655659166738,
            0.6328202511551436,
            0.6380727231791061,
            0.639203106533851,
            0.6422738959681293,
            0.6409761634506242,
            0.6382275885636177,
            0.6428109990731118,
            0.6442466769353643,
            0.6458915435935451,
            0.6500820739231336,
            0.6499288357529177
        ],
        "precision": [
            0.5489485738080366,
            0.5970109843683988,
            0.6195709980499912,
            0.6249498135933467,
            0.6300699698503897,
            0.6324300211888034,
            0.6398366031873886,
            0.6459134757649286,
            0.6524814403460572,
            0.652920170487271,
            0.653961308152925,
            0.6599314869651048,
            0.6616285881663737,
            0.661276997521539,
            0.6563987839155624,
            0.6686996684036002,
            0.6700780880265026,
            0.6691330692146353,
            0.6731132075471699
        ],
        "recall": [
            0.725536598789213,
            0.6221794166208036,
            0.5770500825536599,
            0.5996697853604843,
            0.6095762245459548,
            0.6242157402311502,
            0.6120528343423225,
            0.6006604292790314,
            0.6143093010456797,
            0.6238855255916346,
            0.6250963126031921,
            0.625536598789213,
            0.6215740231150247,
            0.6167308750687948,
            0.6297743533296642,
            0.6215189873417721,
            0.6233902036323611,
            0.6320858558062741,
            0.6282883874518437
        ],
        "auc": [
            0.5936975831208282,
            0.6433240395470043,
            0.6646004000013328,
            0.6762496300911497,
            0.6825910021205583,
            0.6887253963287473,
            0.6934520681425865,
            0.6988638111470309,
            0.705952394510477,
            0.7092383875881458,
            0.7115553451790996,
            0.7172924110908744,
            0.7178494476280248,
            0.7190168133227159,
            0.7208839632662718,
            0.7271605084857166,
            0.7306929964025324,
            0.7311032203954033,
            0.7334962058028969
        ]
    },
    "val": {
        "loss": [
            0.9611144331219031,
            1.0178890068911668,
            0.9821024391422449,
            0.9738840166343473,
            1.032797220861758,
            1.0297910865226656,
            1.0228054551368715,
            1.163168830520074,
            1.1153381364681785,
            1.1468962573308628,
            1.1687420181178452,
            1.2218773647184364,
            1.2779796439984072,
            1.2445817530241736,
            1.2102605359931256,
            1.283830160384725,
            1.2250173403174665,
            1.270554934352817,
            1.2658675889796986
        ],
        "accuracy": [
            0.25395062782950373,
            0.25395062782950373,
            0.25403604680960107,
            0.25463397967028273,
            0.255146493550867,
            0.2547193986503801,
            0.2592466045955411,
            0.2547193986503801,
            0.2578799009139831,
            0.2577090629537883,
            0.2560861023319382,
            0.25565900743145126,
            0.25506107457076965,
            0.25506107457076965,
            0.254463141710088,
            0.25463397967028273,
            0.25642777825232765,
            0.2553173315110618,
            0.254463141710088
        ],
        "f1": [
            0.4050408719346049,
            0.4050408719346049,
            0.40506846515430206,
            0.4052617230098146,
            0.4051841746248295,
            0.40528934632949354,
            0.405457287810229,
            0.40528934632949354,
            0.4059080962800875,
            0.4058525912758102,
            0.40573183213920166,
            0.4055934515688949,
            0.40539987727551646,
            0.40539987727551646,
            0.4052064876652583,
            0.4052617230098146,
            0.40535555707357057,
            0.4054017187286864,
            0.4052064876652583
        ],
        "precision": [
            0.25395062782950373,
            0.25395062782950373,
            0.2539723218862122,
            0.25412428412684845,
            0.2541285188671173,
            0.25414600786459224,
            0.25462843365194177,
            0.25414600786459224,
            0.25474208222470174,
            0.25469836093709775,
            0.2544940934771443,
            0.2543852143407205,
            0.254232939969215,
            0.254232939969215,
            0.2540808477907871,
            0.25412428412684845,
            0.25432881878964514,
            0.2542561382496364,
            0.2540808477907871
        ],
        "recall": [
            1.0,
            1.0,
            1.0,
            1.0,
            0.9989909182643795,
            1.0,
            0.9946182307433569,
            1.0,
            0.9983181971072991,
            0.9983181971072991,
            1.0,
            1.0,
            1.0,
            1.0,
            1.0,
            1.0,
            0.9979818365287588,
            0.9996636394214599,
            1.0
        ],
        "auc": [
            0.6520604184319436,
            0.6372735506513818,
            0.6287695857635135,
            0.6418348103698881,
            0.644513217230011,
            0.6372727226513316,
            0.6462855994770428,
            0.6512008195891102,
            0.6554855272908432,
            0.6518594262337066,
            0.6585727736176232,
            0.6537932492347162,
            0.6636304867615886,
            0.6711752424750007,
            0.6707194380752627,
            0.666002937975248,
            0.6753213853311203,
            0.6739667772489617,
            0.6698017829498384
        ]
    }
}