{
    "train": {
        "loss": [
            0.6815588157716267,
            0.6628214529141924,
            0.6532905125329307,
            0.6449405891920225,
            0.6394447173072404,
            0.6344632473697883,
            0.6307805930183822,
            0.6226379468996052,
            0.6228035335430551,
            0.6204522365715455,
            0.620034049432489,
            0.6184311466815384,
            0.6153990659270236,
            0.6112908115673013,
            0.6117085451271486,
            0.6116960255668001,
            0.6102095290075374,
            0.6047995171903843,
            0.6061184986318673,
            0.6040540405138548,
            0.600761412544177,
            0.6007998266912911,
            0.5990322660665034,
            0.598142868011419,
            0.5974090563312755
        ],
        "accuracy": [
            0.5656301596037424,
            0.6022014309301046,
            0.6149972482113374,
            0.6247936158503027,
            0.6312603192074848,
            0.6405613648871766,
            0.6380572372041827,
            0.6506879471656577,
            0.6490093560814529,
            0.6506604292790313,
            0.6500275178866263,
            0.6571546505228398,
            0.6561089708310401,
            0.6593285635663181,
            0.6596587782058337,
            0.6585580627407815,
            0.6616125481563015,
            0.6633186571271327,
            0.6634012107870115,
            0.6658503026967529,
            0.6656576774903687,
            0.6689323059988993,
            0.6695927352779306,
            0.6728398458998349,
            0.6723170060539351
        ],
        "f1": [
            0.5422116527942925,
            0.5739463601532567,
            0.5885121025852181,
            0.6040825807950289,
            0.6128510343233561,
            0.6231390652048471,
            0.6223983004622053,
            0.6384917696645213,
            0.6368062871949657,
            0.6392338514876809,
            0.6389598591949128,
            0.6477622911424613,
            0.6461878202768891,
            0.6495102202593285,
            0.6502658070354033,
            0.6498278489586273,
            0.6530877084097385,
            0.6511163705837064,
            0.6537394553586593,
            0.6548028541376467,
            0.6550843127235565,
            0.660208433360635,
            0.660349070747645,
            0.6634204342779492,
            0.6618582462517038
        ],
        "precision": [
            0.5731101710502116,
            0.6178299492385787,
            0.6319878718969111,
            0.6393754994160674,
            0.6450553460649556,
            0.6548817465130382,
            0.650543119486287,
            0.6615911237016053,
            0.6597439376954393,
            0.660849638639168,
            0.6598264540337712,
            0.6660077902447532,
            0.6653839426272521,
            0.6687849813432836,
            0.6687216470861929,
            0.6668790546802595,
            0.669965850552758,
            0.6756021066335286,
            0.6730589881091164,
            0.6771917445757629,
            0.6764774859287055,
            0.6780762313627662,
            0.679355101565683,
            0.6830875065586195,
            0.6836794555907544
        ],
        "recall": [
            0.5144744083654376,
            0.5358833241607045,
            0.5506329113924051,
            0.5724821133736929,
            0.5837094111172262,
            0.5943313153549807,
            0.596587782058338,
            0.6169510181618052,
            0.615410016510732,
            0.6189873417721519,
            0.6193725921849202,
            0.6304898183819483,
            0.6280682443588332,
            0.6313153549807374,
            0.6328013208585581,
            0.6336268574573473,
            0.6370390753990094,
            0.6283434232250963,
            0.6354980737479362,
            0.6338470005503577,
            0.6350027517886626,
            0.6432581177765547,
            0.642377545404513,
            0.6448541552008805,
            0.6413869014859659
        ],
        "auc": [
            0.59492705715512,
            0.6410975184227481,
            0.6611628995280614,
            0.6743213622701757,
            0.6839667025999481,
            0.6933190236284295,
            0.6961041896550314,
            0.7095650629155511,
            0.7094576507751502,
            0.7128729112833634,
            0.7119077982692051,
            0.7171015350952251,
            0.7195010281724397,
            0.7247997221859591,
            0.7237452676655898,
            0.7236211009638378,
            0.7263253095800107,
            0.7303188470414411,
            0.7299636058154366,
            0.7329909519613726,
            0.7366303507296253,
            0.7370857301054161,
            0.7391434970705643,
            0.7411823089521121,
            0.7419128868822522
        ]
    },
    "val": {
        "loss": [
            0.645117894447643,
            0.6411199147322262,
            0.6270648960962522,
            0.6590862493913363,
            0.6569735610007507,
            0.6451112255549527,
            0.6612047760128374,
            0.6413998764249805,
            0.6590718318388201,
            0.6496033499280995,
            0.6506151711186224,
            0.6398808867709178,
            0.6484619104517019,
            0.6409195685881539,
            0.6415947554632225,
            0.6369470473774432,
            0.6555735141744049,
            0.6493691392322462,
            0.6511679053398224,
            0.642539726717421,
            0.6578797413973516,
            0.6454557605024751,
            0.6243230561142118,
            0.6478028055991647,
            0.6449980036632159
        ],
        "accuracy": [
            0.611172802596737,
            0.6192876057059878,
            0.6276586657555309,
            0.5824720252840181,
            0.5983599555821304,
            0.6039976082685573,
            0.5795677799607073,
            0.6165541983428718,
            0.5978474417015461,
            0.604595541129239,
            0.5992995643632015,
            0.6150166567011189,
            0.6032288374476809,
            0.6138207909797557,
            0.6005808490646621,
            0.6149312377210217,
            0.6039121892884599,
            0.6007516870248569,
            0.6054497309302127,
            0.6139062099598531,
            0.5981036986418382,
            0.6063039207311864,
            0.6435465960536432,
            0.6051934739899205,
            0.6234731357307594
        ],
        "f1": [
            0.44877694356987163,
            0.4283698858535334,
            0.4138765631302945,
            0.4257518796992481,
            0.42377450980392156,
            0.4343582235236701,
            0.44144348615524287,
            0.44600765148710353,
            0.44533459000942505,
            0.44951837317160187,
            0.4464896755162242,
            0.4528347699405123,
            0.4456379042845208,
            0.4388730296636465,
            0.4602954755309326,
            0.4566055930568949,
            0.45026674570243036,
            0.4511507750117426,
            0.4382828651343792,
            0.44183749073845396,
            0.4412777579859874,
            0.43867981975398856,
            0.4530082579630358,
            0.44858029109997616,
            0.4387573211102623
        ],