{
    "train": {
        "loss": [
            0.6708962607567084,
            0.6495695756160138,
            0.6428492368726123,
            0.6367745287238898,
            0.631097213701334,
            0.627338679832502,
            0.623286564654055,
            0.6204928098039398,
            0.6163173291517066,
            0.6106296454073804,
            0.6111765598617381,
            0.6079601810073497,
            0.6021647391078134,
            0.6012891378054889,
            0.5969869455405533,
            0.5965127692692653,
            0.5930965662113689,
            0.5904141522403976,
            0.5883677997557997,
            0.5860170622759281,
            0.586564670295822,
            0.5836941622209783,
            0.5803835103351235,
            0.5791212030847266,
            0.5747336638443288,
            0.576075960722483,
            0.5706537392583378,
            0.568619576180573
        ],
        "accuracy": [
            0.5942962013516663,
            0.6244756467024004,
            0.631700069913773,
            0.6356909811232813,
            0.6430901887671872,
            0.6468189233278956,
            0.6520915870426474,
            0.655936844558378,
            0.6567816359822886,
            0.6636856210673503,
            0.6642099743649499,
            0.6655499883477045,
            0.674726171055698,
            0.6748426940107201,
            0.6778722908412957,
            0.6799697040316942,
            0.6797657888604055,
            0.6840771381962246,
            0.6847471451876019,
            0.6874271731531112,
            0.6881554416219995,
            0.6910393847587974,
            0.6933115823817292,
            0.6985551153577255,
            0.6996912141691913,
            0.6991668608715917,
            0.7030121183873222,
            0.7052260545327429
        ],
        "f1": [
            0.6166423518401277,
            0.6332679013399334,
            0.6395232800159667,
            0.6438051837083452,
            0.646896074701712,
            0.6538966600057093,
            0.6598308126121507,
            0.6616244091104426,
            0.6631404391582799,
            0.6702088153797812,
            0.6734283366858373,
            0.6757787128293468,
            0.6853761622992393,
            0.682591139168515,
            0.6883665877578627,
            0.6902210692533273,
            0.6876899911929316,
            0.6919121615863185,
            0.6931321953156014,
            0.6992881564934701,
            0.6982041667841336,
            0.7010541744179491,
            0.702262443438914,
            0.7054704844310354,
            0.7075543956199825,
            0.7054057909000143,
            0.7102128990079872,
            0.7125039065829474
        ],
        "precision": [
            0.5844508218105923,
            0.6187802301662312,
            0.6262214529007761,
            0.6297782235595676,
            0.6400707197444964,
            0.6410500391805665,
            0.6454722764001114,
            0.650865227439265,
            0.6510779249943858,
            0.6574567057109231,
            0.6554348425522528,
            0.6557242286403244,
            0.6636472770926553,
            0.6667036995889346,
            0.6666484716157205,
            0.6687978142076503,
            0.6710840033268645,
            0.6751677108166546,
            0.6751740139211136,
            0.6737228642401987,
            0.6764079313923635,
            0.6790433548105275,
            0.6823477687403825,
            0.6896494156928213,
            0.6895007463924365,
            0.691073724218881,
            0.6934006771382583,
            0.6953363278433982
        ],
        "recall": [
            0.6525868096014915,
            0.6484502446982056,
            0.6534024702866464,
            0.6584712188301095,
            0.653868562106735,
            0.667268701934281,
            0.6748426940107201,
            0.6727452808203216,
            0.6756583546958751,
            0.6834653926823584,
            0.6924376602190632,
            0.6970985784199487,
            0.7085760894896295,
            0.6992542530878583,
            0.7115474248426941,
            0.7130622232579819,
            0.7051386623164764,
            0.7095082731298066,
            0.7120717781402937,
            0.7268701934281053,
            0.7214518760195758,
            0.7245397343276625,
            0.7233745047774411,
            0.7220344907946865,
            0.72657888604055,
            0.7203449079468656,
            0.7278606385457935,
            0.7305406665113027
        ],
        "auc": [
            0.6245347601742516,
            0.669831495818018,
            0.6789668133472796,
            0.6873829899486121,
            0.6979521341840442,
            0.7021626681497388,
            0.7093697239147303,
            0.7130518856135074,
            0.7173863168677066,
            0.7273696148594547,
            0.7261954274882622,
            0.728928949496817,
            0.7370100173760682,
            0.738370560688582,
            0.7440668879236001,
            0.744730757840208,
            0.7476887735686074,
            0.7512064918737256,
            0.7533517457343666,
            0.7556120867189302,
            0.7556735083826196,
            0.7598704308052695,
            0.7628767233842806,
            0.7654949478161273,
            0.7693651168317097,
            0.7690732001493971,
            0.7729451698940528,
            0.7760838355777738
        ]
    },
    "val": {
        "loss": [
            0.7181911834011355,
            0.7330134550279652,
            0.7143190636497148,
            0.7210018901549593,
            0.7029672543740492,
            0.7315172660931634,
            0.728239591746352,
            0.7140413983443702,
            0.7117646012077158,
            0.7208074704523276,
            0.7118542654577621,
            0.7052761168478691,
            0.7044151563809132,
            0.7316250337955724,
            0.7348574071628301,
            0.7079830022830165,
            0.7434538922185309,
            0.7198712049127188,
            0.7380335554896714,
            0.7242819383283288,
            0.7101822222291763,
            0.7355902275648213,
            0.7100613929284565,
            0.7382147149694656,
            0.7293328046773097,
            0.7282112512513105,
            0.7034616369126312,
            0.734715979287968
        ],
        "accuracy": [
            0.5015038240096245,
            0.49531666237002664,
            0.5208387041333677,
            0.5271977313740654,
            0.537337801838962,
            0.51430781129157,
            0.5118157600756209,
            0.5551258915528057,
            0.5483372003093581,
            0.5516885795308069,
            0.5553836899544556,
            0.57136719085675,
            0.5870069605568445,
            0.5516885795308069,
            0.5461029474950588,
            0.568617341239151,
            0.537337801838962,
            0.5631176420039529,
            0.5702500644496004,
            0.5662971556243018,
            0.5529775715390565,
            0.5531494371401564,
            0.5730858468677494,
            0.562602045200653,
            0.5667268196270516,
            0.5651800292171522,
            0.5791870757067973,
            0.5502277219214574
        ],