{
    "train": {
        "loss": [
            0.6514940439362927,
            0.6251207086429316,
            0.608731530618901,
            0.5988855928953531,
            0.5895952108689216,
            0.5822612091367602,
            0.5750596096148387,
            0.5679601081266072,
            0.5599503961650677,
            0.5509550234455242,
            0.5485453285889813,
            0.5400716537113541,
            0.5380595817179203,
            0.5324144909026822,
            0.5288447372023249,
            0.5245249090328608,
            0.5226922485690049,
            0.5194487346479927,
            0.515518207930374,
            0.5049385708324616,
            0.4957811869654837,
            0.49574306031480253,
            0.48923722017175303
        ],
        "accuracy": [
            0.6180668841761827,
            0.6445467257049639,
            0.6618503845257516,
            0.669715683989746,
            0.6783092519226288,
            0.684426707061291,
            0.6915054765788861,
            0.6971859706362153,
            0.7014099277557679,
            0.7092169657422512,
            0.7119261244465159,
            0.7215392682358425,
            0.718626194360289,
            0.724073642507574,
            0.7296667443486367,
            0.7301037054299697,
            0.7345024469820555,
            0.7370950827312981,
            0.738784665579119,
            0.7476986716383127,
            0.7513982754602657,
            0.7545443952458635,
            0.7566126776975064
        ],
        "f1": [
            0.6239279465335743,
            0.651411267283739,
            0.6674497221108119,
            0.6759275138626879,
            0.6869454287739192,
            0.6958304085357293,
            0.7034610215053764,
            0.7103569338794616,
            0.7172101749158528,
            0.7245280936085661,
            0.726634416033172,
            0.7364415892359867,
            0.7334050950843201,
            0.7370787764392384,
            0.7427224840587746,
            0.7442797604261544,
            0.7468333333333333,
            0.7484460796610642,
            0.7517648035877419,
            0.7595969689399616,
            0.763154973357016,
            0.7651354666072026,
            0.7670560682521538
        ],
        "precision": [
            0.6144979942369625,
            0.6390695067264573,
            0.6565776124450456,
            0.6634496689484907,
            0.6689856992987687,
            0.6715625169367514,
            0.6772158723312487,
            0.6807476635514018,
            0.681165496279216,
            0.6882864932885906,
            0.6913365946031245,
            0.6990316671028527,
            0.6968059998951067,
            0.703902025235924,
            0.7085052364328784,
            0.7071379870981277,
            0.7136865576555532,
            0.7174691391011596,
            0.7161770135555673,
            0.7253883263531782,
            0.7286940852236591,
            0.7334865327062847,
            0.7354969790942629
        ],
        "recall": [
            0.6336518294103939,
            0.6642391051037054,
            0.6786879515264507,
            0.6888837100908879,
            0.7058960615241202,
            0.7219179678396644,
            0.7318224190165462,
            0.7426590538336052,
            0.7572826846888837,
            0.7647984152878117,
            0.7657305989279888,
            0.7780820321603356,
            0.7740619902120718,
            0.7735376369144722,
            0.7804124912607784,
            0.7855395012817525,
            0.7832090421813097,
            0.7822185970636215,
            0.7910743416453041,
            0.7971917967839665,
            0.8010370542996971,
            0.7996387788394314,
            0.8014448846422745
        ],
        "auc": [
            0.664989927661811,
            0.7024259683448597,
            0.724365155256315,
            0.7363776305172506,
            0.7469268190764832,
            0.7548692172394666,
            0.7634413648126528,
            0.7693512761666809,
            0.7772506554042835,
            0.7863651398050073,
            0.7881750643075824,
            0.7971332807264733,
            0.7981212055023383,
            0.8038912370365836,
            0.8078838115019752,
            0.8107185969414231,
            0.8133941884264437,
            0.8159368806747915,
            0.8188900746583292,
            0.8279759255998624,
            0.8340785251479673,
            0.8351295789706018,
            0.8402560255212155
        ]
    },
    "val": {
        "loss": [
            0.6984196551079458,
            0.7049984712109816,
            0.6706337916735287,
            0.7231396952322425,
            0.6972250118179399,
            0.7387068948508477,
            0.7368393897282931,
            0.7679905803653089,
            0.7668130115798846,
            0.7907676058893809,
            0.7477830254483276,
            0.7720932558897902,
            0.7564863077572703,
            0.765387227159652,
            0.7968571494102397,
            0.7911793606744257,
            0.8032615010366833,
            0.7869502020478146,
            0.8076569836295721,
            0.8371225581648061,
            0.8756122210407095,
            0.8297135911634147,
            0.8444918547248372
        ],
        "accuracy": [
            0.5592506659792043,
            0.5698204004468506,
            0.605740311076738,
            0.5726561828649995,
            0.5739451748732491,
            0.5577898083698548,
            0.5446420898857094,
            0.5446420898857094,
            0.5632035748045029,
            0.5467904098994586,
            0.5933659877975423,
            0.59972501503824,
            0.5668986852281516,
            0.5642347684111025,
            0.5620864483973532,
            0.5635473060067028,
            0.5716249892583999,
            0.5633754404056028,
            0.5683595428375011,
            0.5607974563891037,
            0.5523760419352066,
            0.5748904356792988,
            0.5778121508979978
        ],
        "f1": [
            0.44328666015413004,
            0.4491637323943662,
            0.4687355257063455,
            0.4685262370417869,
            0.4569550930996714,
            0.45831578947368423,
            0.46066157760814247,
            0.45410528484598744,
            0.4721154844739848,
            0.4893493415956623,
            0.49085431461157736,
            0.499892634743397,
            0.5110593713620489,
            0.49162907268170425,
            0.47593582887700536,
            0.5007372456502507,
            0.48400786668046786,
            0.49588252802857424,
            0.495429432446007,
            0.4961056886522725,
            0.4861398835947519,
            0.4951525665884274,
            0.48934622180646503
        ],
        "precision": [
            0.3901413832632786,
            0.3994910941475827,
            0.43461455872879534,
            0.4075864633692823,
            0.4049699087555814,
            0.39431262452454263,
            0.3871022921655833,
            0.38477653631284914,
            0.4023008849557522,
            0.3980154355016538,
            0.42916274694261525,
            0.43636363636363634,
            0.41617949123084214,
            0.40893929286190794,
            0.4027850304612707,
            0.4112043913464643,
            0.41147483280535024,
            0.409672131147541,
            0.4126506024096386,
            0.4081765087605451,
            0.4001299123091913,
            0.4168384879725086,
            0.4172279333569656
        ],