{
    "train": {
        "loss": [
            0.6555390599735766,
            0.6203345290106866,
            0.6031861173824484,
            0.5889084964186921,
            0.5737417992190076,
            0.5604343971382082,
            0.5467301393480306,
            0.5252429990861596,
            0.5136763079453774,
            0.5022749356634353,
            0.49977689206304954
        ],
        "accuracy": [
            0.6083654375343973,
            0.6468079251513483,
            0.6629334067143643,
            0.675894331315355,
            0.6901210787011558,
            0.7012658227848101,
            0.7110346725371491,
            0.7294166208035223,
            0.738442487616951,
            0.7426252063841497,
            0.7462850853054486
        ],
        "f1": [
            0.6093329673346143,
            0.6486738017682643,
            0.6660122699386503,
            0.67568014098469,
            0.6933696392103472,
            0.7034041855636304,
            0.7138458184592746,
            0.733168706412309,
            0.7424049432233936,
            0.7464143372285335,
            0.751066472271721
        ],
        "precision": [
            0.6078313253012049,
            0.6452649349234875,
            0.6599837881653607,
            0.6761269701311584,
            0.686176232821342,
            0.6984049479166666,
            0.7069682085604793,
            0.723141159466838,
            0.731325751508356,
            0.7355848875113558,
            0.7371740513037948
        ],
        "recall": [
            0.610842047330765,
            0.6521188772702257,
            0.6721518987341772,
            0.6752339020363236,
            0.700715465052284,
            0.7084755090809026,
            0.7208585580627408,
            0.7434782608695653,
            0.7538249862410566,
            0.7575674188222344,
            0.7654925701706109
        ],
        "auc": [
            0.6547906732386507,
            0.7086945920461949,
            0.7322308297861965,
            0.7475975658256018,
            0.7642849817158258,
            0.7789235281413931,
            0.7906880410626842,
            0.8114766609853918,
            0.8212556304140344,
            0.8299660486525928,
            0.8327613479857119
        ]
    },
    "val": {
        "loss": [
            0.6753639492927898,
            0.7185212243699982,
            0.6741716357323029,
            0.7070672536900319,
            0.6780391496221853,
            0.7253335183310531,
            0.7142564757755964,
            0.7336899893126215,
            0.7303765597932618,
            0.7460882970685381,
            0.7703771950382533
        ],
        "accuracy": [
            0.5836678910053814,
            0.5439480652601008,
            0.5869992312291791,
            0.5664132570257111,
            0.6118561544375161,
            0.5716238148116511,
            0.5751259929956436,
            0.5844366618262578,
            0.5676945417271718,
            0.5787990091398308,
            0.5664132570257111
        ],
        "f1": [
            0.4569964349376114,
            0.4330466178188383,
            0.41514455062295874,
            0.4239673172945983,
            0.42597271349166244,
            0.4359464627151052,
            0.42470506592644,
            0.43172526573998365,
            0.4321777179400875,
            0.42144784700222926,
            0.4409691629955947
        ],
        "precision": [
            0.3416625020822922,
            0.3164183736809435,
            0.3241405364563657,
            0.31991779414283267,
            0.34108840784948413,
            0.327475498479216,
            0.32363828662083555,
            0.33070866141732286,
            0.3242424242424242,
            0.32360360360360363,
            0.32782053381365645
        ],
        "recall": [
            0.6898755465859401,
            0.6858392196434577,
            0.5771947527749748,
            0.6283215607130844,
            0.5671039354187689,
            0.6518668012108981,
            0.6175580221997982,
            0.6215943491422805,
            0.6478304742684158,
            0.6041035990581903,
            0.6733938782374705
        ],
        "auc": [
            0.6687487401882957,
            0.6481966813603941,
            0.6510023499026542,
            0.6363760178527594,
            0.642863918153235,
            0.6461514634689074,
            0.6464201783689261,
            0.6425378209241543,
            0.647186251717715,
            0.6342142637681581,
            0.649904652905845
        ]
    }
}