{
    "train": {
        "loss": [
            0.6525124407292412,
            0.6216018376053699,
            0.6007402105449213,
            0.5834495583299545,
            0.5719106486698765,
            0.559026524212721,
            0.5501032400120113,
            0.535591129905498,
            0.5261812949480641,
            0.5179196062815326,
            0.5094296110312552,
            0.4835075546438892,
            0.4752450628148401,
            0.47069329431745394,
            0.46162568162271567
        ],
        "accuracy": [
            0.6153577254719179,
            0.648799813563272,
            0.6694826380797017,
            0.6847180144488464,
            0.6929911442554183,
            0.7061873689116756,
            0.7104113260312281,
            0.7246853880214402,
            0.729462829177348,
            0.7370659519925425,
            0.7436203682125379,
            0.7625262176648799,
            0.7695467257049639,
            0.77178979258914,
            0.7767711489163365
        ],
        "f1": [
            0.626287784444696,
            0.6575,
            0.6756432246998285,
            0.6919595844599402,
            0.7030849415410622,
            0.7177951874650251,
            0.7205464818823265,
            0.7361456210391133,
            0.740897804313255,
            0.7477220638381128,
            0.7534802946696171,
            0.7729500891265597,
            0.7790778854477924,
            0.7811120424699637,
            0.7858480283933712
        ],
        "precision": [
            0.6089828269484808,
            0.6416056775338213,
            0.6632801975752133,
            0.6764231261476824,
            0.6807048169767062,
            0.6905146425495263,
            0.6961812157097073,
            0.7067274189225409,
            0.7108517586594572,
            0.7185989040507145,
            0.725575875276474,
            0.7404482390608325,
            0.7481362295521587,
            0.750456351336841,
            0.7551425962726247
        ],
        "recall": [
            0.6446049871824749,
            0.6742018177580984,
            0.6884758797483104,
            0.708226520624563,
            0.7269867163831275,
            0.7473199720344907,
            0.746679095781869,
            0.7681193195059427,
            0.7735958983919832,
            0.779305523188068,
            0.7836168725238872,
            0.8084362619436029,
            0.812689349801911,
            0.814378932649732,
            0.8191563738056397
        ],
        "auc": [
            0.6624567499159955,
            0.7080597028482707,
            0.7359455149415774,
            0.755149839056572,
            0.7665132015538639,
            0.779624294664096,
            0.7876294179402772,
            0.8018756543384421,
            0.8092584551510995,
            0.8171473966094345,
            0.8237413457062553,
            0.8438206629170407,
            0.8502324600366453,
            0.8538256069960697,
            0.8596072490747002
        ]
    },
    "val": {
        "loss": [
            0.7351829471421772,
            0.7251139882709641,
            0.7167927675705303,
            0.729658179951255,
            0.7087105888688627,
            0.7687911265615726,
            0.7715013957294062,
            0.7937191370399258,
            0.7758746824360205,
            0.8056901068492854,
            0.8255103263092277,
            0.8406988325001955,
            0.8681020685095848,
            0.8692902409451324,
            0.85750059599267
        ],
        "accuracy": [
            0.5275414625762653,
            0.5497980579187076,
            0.5671564836298015,
            0.5804760677150468,
            0.6116696743146859,
            0.5766090916902982,
            0.5898427429749935,
            0.5945690470052419,
            0.5791870757067973,
            0.5646644324138523,
            0.5815072613216464,
            0.5754060324825986,
            0.5944831142046919,
            0.5822806565265962,
            0.5933659877975423
        ],
        "f1": [
            0.429312850321777,
            0.4515858892494504,
            0.46087980306111526,
            0.4643405749396533,
            0.5014892443463872,
            0.4767972815121589,
            0.46652509220967925,
            0.4860566448801743,
            0.47620066317253185,
            0.4808362369337979,
            0.4805887372013652,
            0.4693373429277199,
            0.458022280923395,
            0.4686851021969614,
            0.47128491620111734
        ],
        "precision": [
            0.36569407603890364,
            0.38697524219590956,
            0.40137956748695003,
            0.41207400194741967,
            0.4469130947699567,
            0.4128356013240162,
            0.42008856682769724,
            0.42895597000576813,
            0.4145251396648045,
            0.40595258695276,
            0.41745414118954977,
            0.4097899474868717,
            0.42174280879864634,
            0.41470019342359765,
            0.42426071213035604
        ],
        "recall": [
            0.519728575018849,
            0.5420960040211108,
            0.541090726313144,
            0.5317919075144508,
            0.5712490575521488,
            0.564212113596381,
            0.5245036441316914,
            0.5606936416184971,
            0.5594370444835386,
            0.5895953757225434,
            0.5662226690123147,
            0.5491329479768786,
            0.5011309374214626,
            0.5388288514702186,
            0.5300326715255089
        ],
        "auc": [
            0.5510635918225948,
            0.5804077767642883,
            0.5985279796497556,
            0.606362677365125,
            0.623181782052301,
            0.6067173403381595,
            0.6112414838387299,
            0.6112472926058463,
            0.6137068296201965,
            0.6001282457634889,
            0.601969362396247,
            0.6065421584236542,
            0.607389631291625,
            0.6018655922175911,
            0.60774370354258
        ]
    }
}